BlotterId,BlotterId@type,ClientName,ClientName@type,CreatedDateTime,CreatedDateTime@type,Culture,Culture@type,DataColumnPosition,DataColumnPosition@type,DateFormat,DateFormat@type,EmailDomain,EmailDomain@type,EmailSubjectExclude,EmailSubjectExclude@type,EmailSubjectInclude,EmailSubjectInclude@type,FileExtension,FileExtension@type,FileType,FileType@type,FindWorkSheetByPosition,FindWorkSheetByPosition@type,FirstDataRowLocation,FirstDataRowLocation@type,IsEnabled,IsEnabled@type,PartitionKey,RowKey,TimeFormat,TimeFormat@type,TimeZoneId,TimeZoneId@type,Timestamp,WorkSheets,WorkSheets@type
dac5f79b-f8b3-4bdf-b5fe-69acecf17642,Edm.String,Odey_OTC,Edm.String,2017-06-21T11:45:02.000Z,Edm.DateTime,en-GB,Edm.String,A:OTCClientReference|C:ClientInstrumentIdentifier|G:PortfolioIdentifier|H:ClientPortfolioIdentifier|K:CounterpartyIdentifier|M:ClientOTCExecutingBrokerCode|N:OTCClientClearingExchangeIdentifier|W:OTCMOProductType|X:ProductSubtype|Z:OTCOptionType|AA:OTCOptionSubType|AF:OTCBuySellIndicator|AG:TradeDate|AH:ExecutionTime|AJ:MaturityDate|AV:UnderlyingQuantity|AX:PriceOfTheContract|AZ:OTCOptionStrikePrice|CA:UnderlyingISIN|EI:UnderlyingTicker|EJ:UnderlyingDescription|EK:RICCode,Edm.String,dd/MM/yyyy,Edm.String,bnymellon.com,Edm.String,,Edm.String,OTC,Edm.String,csv,Edm.String,OTC,Edm.String,false,Edm.Boolean,2,Edm.Int32,true,Edm.Boolean,true,017d0623-5a82-4fc8-be3c-549518986cb0,HH:mm,Edm.String,Europe/London,Edm.String,2019-11-19T11:40:30.603Z,,Edm.String
04a0ac16-bac8-412a-b00d-f8e5492349d9,Edm.String,Aberdeen,Edm.String,2017-06-21T11:45:02.000Z,Edm.DateTime,en-GB,Edm.String,A:ClientName|B:AccountId|E:CancellationFlag|V:TransactionCode|W:QuantityOrOriginalFace|Y:Price|C:ClientReference|H:ExecutionDate|N:ISIN|AE:TradeCurrency|I:ExecutionTime|F:BrokerDescription|G:BrokerCode|AB:CommissionLocal|AC:InterestLocal|AD:FeesTradeExpenseLocal|AR:StrikePrice|K:AssetType|D:TradeStatus|L:SecurityIdentifierCusip|M:SecurityIdentifierSedol|O:SecurityDescription|U:MaturityDate|Z:NetPrincipalLocal|AA:GrossPrincipalLocal|AF:SettleCurrency|AO:Ticker|AS:ExpiryDate|AT:ArrivalDate|AU:ArrivalTime,Edm.String,dd/MM/yyyy,Edm.String,bnpparibas.com,Edm.String,,Edm.String,,Edm.String,xlsx,Edm.String,TradeBlotter,Edm.String,false,Edm.Boolean,2,Edm.Int32,true,Edm.Boolean,true,04a0ac16-bac8-412a-b00d-f8e5492349d9,HH:mm,Edm.String,Europe/London,Edm.String,2019-11-19T11:40:30.604Z,,Edm.String
11e89b75-38dc-42b9-9466-7c969e06b26c,Edm.String,Heartwood,Edm.String,2017-06-21T11:45:02.000Z,Edm.DateTime,en-GB,Edm.String,C:ClientName|D:AccountId|G:CancellationFlag|X:TransactionCode|Y:QuantityOrOriginalFace|AA:Price|E:ClientReference|J:ExecutionDate|P:ISIN|AG:TradeCurrency|K:ExecutionTime|H:BrokerDescription|I:BrokerCode|AD:CommissionLocal|AE:InterestLocal|AF:FeesTradeExpenseLocal|AT:StrikePrice|M:AssetType|F:TradeStatus|N:SecurityIdentifierCusip|O:SecurityIdentifierSedol|Q:SecurityDescription|W:MaturityDate|AB:NetPrincipalLocal|AC:GrossPrincipalLocal|AH:SettleCurrency|AQ:Ticker|AU:ExpiryDate|AV:ArrivalDate|AW:ArrivalTime,Edm.String,dd/MM/yyyy,Edm.String,linkgroup.co.uk,Edm.String,,Edm.String,Heartwood,Edm.String,xlsx,Edm.String,TradeBlotter,Edm.String,false,Edm.Boolean,2,Edm.Int32,true,Edm.Boolean,true,11e89b75-38dc-42b9-9466-7c969e06b26c,HH:mm:ss,Edm.String,Europe/London,Edm.String,2019-11-19T11:40:30.604Z,,Edm.String
8b0240e7-7363-4376-b322-8968f32f1d7d,Edm.String,Macquarie,Edm.String,,,en-GB,Edm.String,B:AccountId|C:ClientTradeRefNo|D:TradeStatus|E:TradeDate|F:AssetType|G:SecurityIdentifierISIN|H:ArrivalDate|I:ArrivalTime,Edm.String,dd/MM/yyyy,Edm.String,linkgroup.co.uk,Edm.String,,,Supplementary,Edm.String,xlsx,Edm.String,Supplementary,Edm.String,false,Edm.Boolean,4,Edm.Int32,true,Edm.Boolean,true,14817ede-6635-4943-8380-f9b92a95b981,HH:mm:ss,Edm.String,America/New_York,Edm.String,2019-11-20T11:20:52.687Z,,
8b0240e7-7363-4376-b322-8968f32f1d7d,Edm.String,Macquarie,Edm.String,2018-01-04T13:54:02.000Z,Edm.DateTime,en-GB,Edm.String,B:AccountId|C:ClientTradeRefNo|D:TradeStatus|E:TradeDate|F:AssetType|G:SecurityIdentifierISIN|H:ArrivalDate|I:ArrivalTime,Edm.String,dd/MM/yyyy,Edm.String,macquarie.com,Edm.String,,Edm.String,Supplementary,Edm.String,xlsx,Edm.String,Supplementary,Edm.String,false,Edm.Boolean,4,Edm.Int32,true,Edm.Boolean,true,14817ede-6635-4943-8380-f9b92a95b982,HH:mm:ss,Edm.String,America/New_York,Edm.String,2019-11-19T11:40:30.604Z,,Edm.String
8b0240e7-7363-4376-b322-8968f32f1d7d,Edm.String,IM Asset Management,Edm.String,2018-01-04T13:54:02.000Z,Edm.DateTime,en-CA,Edm.String,B:AccountId|C:ClientTradeRefNo|D:TradeStatus|E:TradeDate|F:AssetType|G:SecurityIdentifierISIN|H:ArrivalDate|I :ArrivalTime,Edm.String,dd/MM/yyyy,Edm.String,IrwinMitchell.com,Edm.String,,Edm.String,Supplementary,Edm.String,xlsx,Edm.String,Supplementary,Edm.String,false,Edm.Boolean,4,Edm.Int32,true,Edm.Boolean,true,14817ede-6635-4943-8380-f9b92a95b983,HH:mm:ss,Edm.String,America/Toronto,Edm.String,2019-11-19T11:40:30.605Z,,Edm.String
8b0240e7-7363-4376-b322-8968f32f1d7d,Edm.String,IM Asset Management,Edm.String,2018-01-04T13:54:02.000Z,Edm.DateTime,en-CA,Edm.String,B:AccountId|C:ClientTradeRefNo|D:TradeStatus|E:TradeDate|F:AssetType|G:SecurityIdentifierISIN|H:ArrivalDate|I :ArrivalTime,Edm.String,dd/MM/yyyy,Edm.String,imassetmanagement.com,Edm.String,,Edm.String,Supplementary,Edm.String,xlsx,Edm.String,Supplementary,Edm.String,false,Edm.Boolean,4,Edm.Int32,true,Edm.Boolean,true,14817ede-6635-4943-8380-f9b92a95b984,HH:mm:ss,Edm.String,America/Toronto,Edm.String,2019-11-19T11:40:30.605Z,,Edm.String
8b0240e7-7363-4376-b322-8968f32f1d7d,Edm.String,IM Asset Management,Edm.String,2018-01-04T13:54:02.000Z,Edm.DateTime,en-CA,Edm.String,B:AccountId|C:ClientTradeRefNo|D:TradeStatus|E:TradeDate|F:AssetType|G:SecurityIdentifierISIN|H:ArrivalDate|I :ArrivalTime,Edm.String,dd/MM/yyyy,Edm.String,linkgroup.co.uk,Edm.String,,,Supplementary,Edm.String,xlsx,Edm.String,Supplementary,Edm.String,false,Edm.Boolean,,,true,Edm.Boolean,true,14817ede-6635-4943-8380-f9b92a95b985,,,America/Toronto,Edm.String,2019-11-28T11:40:53.173Z,,
16ffcdb1-ab63-46f5-a261-370fe7bc5f4f,Edm.String,Adam & Co,Edm.String,2017-06-21T11:45:02.000Z,Edm.DateTime,en-GB,Edm.String,C:ClientName|D:AccountId|G:CancellationFlag|X:TransactionCode|Y:QuantityOrOriginalFace|AA:Price|E:ClientReference|J:ExecutionDate|P:ISIN|AG:TradeCurrency|K:ExecutionTime|H:BrokerDescription|I:BrokerCode|AD:CommissionLocal|AE:InterestLocal|AF:FeesTradeExpenseLocal|AT:StrikePrice|M:AssetType|F:TradeStatus|N:SecurityIdentifierCusip|O:SecurityIdentifierSedol|Q:SecurityDescription|W:MaturityDate|AB:NetPrincipalLocal|AC:GrossPrincipalLocal|AH:SettleCurrency|AQ:Ticker|AU:ExpiryDate|AV:ArrivalDate|AW:ArrivalTime,Edm.String,dd/MM/yyyy,Edm.String,adambank.com,Edm.String,,Edm.String,,Edm.String,xlsx,Edm.String,TradeBlotter,Edm.String,false,Edm.Boolean,2,Edm.Int32,true,Edm.Boolean,true,16ffcdb1-ab63-46f5-a261-370fe7bc5f4f,HH:mm,Edm.String,Europe/London,Edm.String,2019-11-19T11:40:30.605Z,,Edm.String
18f98f39-e901-439d-9b50-06324503e706,Edm.String,Whitefoords,Edm.String,2017-06-21T11:45:02.000Z,Edm.DateTime,en-GB,Edm.String,C:ClientName|D:AccountId|G:CancellationFlag|X:TransactionCode|Y:QuantityOrOriginalFace|AA:Price|E:ClientReference|J:ExecutionDate|P:ISIN|AG:TradeCurrency|K:ExecutionTime|H:BrokerDescription|I:BrokerCode|AD:CommissionLocal|AE:InterestLocal|AF:FeesTradeExpenseLocal|AT:StrikePrice|M:AssetType|f:TradeStatus|N:SecurityIdentifierCusip|O:SecurityIdentifierSedol|Q:SecurityDescription|W:MaturityDate|AB:NetPrincipalLocal|AC:GrossPrincipalLocal|AH:SettleCurrency|AQ:Ticker|AU:ExpiryDate|AV:ArrivalDate|AW:ArrivalTime,Edm.String,dd/MM/yyyy,Edm.String,capita.co.uk,Edm.String,,Edm.String,Whitefoord,Edm.String,xlsx,Edm.String,TradeBlotter,Edm.String,false,Edm.Boolean,2,Edm.Int32,true,Edm.Boolean,true,18f98f39-e901-439d-9b50-06324503e706,HH:mm,Edm.String,Europe/London,Edm.String,2019-11-19T11:40:30.606Z,,Edm.String
1a85651d-87f9-4c71-83a6-6b7531dabcd8,Edm.String,Bentley - Reid,Edm.String,2017-06-21T11:45:02.000Z,Edm.DateTime,en-GB,Edm.String,A:ClientName|B:AccountId|E:CancellationFlag|V:TransactionCode|W:QuantityOrOriginalFace|Y:Price|C:ClientReference|H:ExecutionDate|N:ISIN|AE:TradeCurrency|I:ExecutionTime|F:BrokerDescription|G:BrokerCode|AB:CommissionLocal|AC:InterestLocal|AD:FeesTradeExpenseLocal|K:AssetType|D:TradeStatus|L:SecurityIdentifierCusip|M:SecurityIdentifierSedol|O:SecurityDescription|U:MaturityDate|Z:NetPrincipalLocal|AA:GrossPrincipalLocal|AF:SettleCurrency|AO:Ticker|AS:ExpiryDate|AT:ArrivalDate|AU:ArrivalTime,Edm.String,dd/MM/yyyy,Edm.String,bentleyreid.co.uk,Edm.String,,Edm.String,,Edm.String,xlsx,Edm.String,TradeBlotter,Edm.String,false,Edm.Boolean,2,Edm.Int32,true,Edm.Boolean,true,1a85651d-87f9-4c71-83a6-6b7531dabcd8,HH:mm,Edm.String,Europe/London,Edm.String,2019-11-19T11:40:30.606Z,,Edm.String
27667b1e-6ead-4c02-8d84-118f1fa71be4,Edm.String,Bordier & Cie,Edm.String,2017-06-21T11:45:02.000Z,Edm.DateTime,en-GB,Edm.String,C:ClientName|D:AccountId|G:CancellationFlag|X:TransactionCode|Y:QuantityOrOriginalFace|AA:Price|E:ClientReference|J:ExecutionDate|P:ISIN|AG:TradeCurrency|K:ExecutionTime|H:BrokerDescription|I:BrokerCode|AD:CommissionLocal|AE:InterestLocal|AF:FeesTradeExpenseLocal|AT:StrikePrice|M:AssetType|F:TradeStatus|N:SecurityIdentifierCusip|O:SecurityIdentifierSedol|Q:SecurityDescription|W:MaturityDate|AB:NetPrincipalLocal|AC:GrossPrincipalLocal|AH:SettleCurrency|AQ:Ticker|AU:ExpiryDate|AV:ArrivalDate|AW:ArrivalTime,Edm.String,dd/MM/yyyy,Edm.String,bordieruk.com,Edm.String,,Edm.String,,Edm.String,xlsx,Edm.String,TradeBlotter,Edm.String,false,Edm.Boolean,2,Edm.Int32,true,Edm.Boolean,true,27667b1e-6ead-4c02-8d84-118f1fa71be4,HH:mm,Edm.String,Europe/London,Edm.String,2019-11-19T11:40:30.606Z,,Edm.String
2a9fd409-bf42-41c0-874e-3089087de84f,Edm.String,Rothschild,Edm.String,2017-06-21T11:45:02.000Z,Edm.DateTime,en-GB,Edm.String,C:ClientName|D:AccountId|G:CancellationFlag|X:TransactionCode|Y:QuantityOrOriginalFace|AA:Price|E:ClientReference|J:ExecutionDate|P:ISIN|AG:TradeCurrency|K:ExecutionTime|H:BrokerDescription|I:BrokerCode|AD:CommissionLocal|AE:InterestLocal|AF:FeesTradeExpenseLocal|AT:StrikePrice|M:AssetType|F:TradeStatus|N:SecurityIdentifierCusip|O:SecurityIdentifierSedol|Q:SecurityDescription|W:MaturityDate|AB:NetPrincipalLocal|AC:GrossPrincipalLocal|AH:SettleCurrency|AQ:Ticker|AU:ExpiryDate|AV:ArrivalDate|AW:ArrivalTime,Edm.String,dd/MM/yyyy,Edm.String,linkgroup.co.uk,Edm.String,,Edm.String,Rothschild,Edm.String,xlsx,Edm.String,TradeBlotter,Edm.String,false,Edm.Boolean,2,Edm.Int32,true,Edm.Boolean,true,2a9fd409-bf42-41c0-874e-3089087de84f,HH:mm,Edm.String,Europe/London,Edm.String,2019-11-19T11:40:30.606Z,,Edm.String
2d9dfe0a-c014-4014-abff-6012026dadea,Edm.String,Canada Life,Edm.String,2017-06-21T11:45:02.000Z,Edm.DateTime,en-GB,Edm.String,C:ClientName|D:AccountId|G:CancellationFlag|X:TransactionCode|Y:QuantityOrOriginalFace|AA:Price|E:ClientReference|J:ExecutionDate|P:ISIN|AG:TradeCurrency|K:ExecutionTime|H:BrokerDescription|I:BrokerCode|AD:CommissionLocal|AE:InterestLocal|AF:FeesTradeExpenseLocal|AT:StrikePrice|M:AssetType|F:TradeStatus|N:SecurityIdentifierCusip|O:SecurityIdentifierSedol|Q:SecurityDescription|W:MaturityDate|AB:NetPrincipalLocal|AC:GrossPrincipalLocal|AH:SettleCurrency|AQ:Ticker|AU:ExpiryDate|AV:ArrivalDate|AW:ArrivalTime,Edm.String,dd/MM/yyyy,Edm.String,bnymellon.com,Edm.String,,Edm.String,Canada life CLC,Edm.String,csv,Edm.String,TradeBlotter,Edm.String,false,Edm.Boolean,2,Edm.Int32,true,Edm.Boolean,true,2d9dfe0a-c014-4014-abff-6012026dadea,HH:mm,Edm.String,Europe/London,Edm.String,2019-11-19T11:40:30.606Z,,Edm.String
33a80d74-d4a1-40e4-908e-4b55b69444e9,Edm.String,Utmost,Edm.String,2019-06-26T09:14:00.000Z,Edm.DateTime,en-GB,Edm.String,C:ClientName|D:AccountId|G:CancellationFlag|X:TransactionCode|Y:QuantityOrOriginalFace|AA:Price|E:ClientReference|J:ExecutionDate|P:ISIN|AG:TradeCurrency|K:ExecutionTime|H:BrokerDescription|I:BrokerCode|AD:CommissionLocal|AE:InterestLocal|AF:FeesTradeExpenseLocal|AT:StrikePrice|M:AssetType|F:TradeStatus|N:SecurityIdentifierCusip|O:SecurityIdentifierSedol|Q:SecurityDescription|W:MaturityDate|AB:NetPrincipalLocal|AC:GrossPrincipalLocal|AH:SettleCurrency|AQ:Ticker|AU:ExpiryDate|AV:ArrivalDate|AW:ArrivalTime,Edm.String,dd/MM/yyyy,Edm.String,utmostportfoliomanagement.com,Edm.String,,Edm.String,,Edm.String,xlsx,Edm.String,TradeBlotter,Edm.String,false,Edm.Boolean,2,Edm.Int32,true,Edm.Boolean,true,33a80d74-d4a1-40e4-908e-4b55b69444e9,HH:mm,Edm.String,Europe/London,Edm.String,2019-11-19T11:40:30.606Z,,Edm.String
3bfc1c59-84aa-47fb-bed5-37a313f3262c,Edm.String,Cannacord (Eden),Edm.String,2017-06-21T11:45:02.000Z,Edm.DateTime,en-GB,Edm.String,B:ClientName|C:AccountId|F:CancellationFlag|W:TransactionCode|X:QuantityOrOriginalFace|Z:Price|D:ClientReference|I:ExecutionDate|O:ISIN|AF:TradeCurrency|J:ExecutionTime|G:BrokerDescription|H:BrokerCode|AC:CommissionLocal|AD:InterestLocal|AE:FeesTradeExpenseLocal|AS:StrikePrice|L:AssetType|E:TradeStatus|M:SecurityIdentifierCusip|N:SecurityIdentifierSedol|P:SecurityDescription|V:MaturityDate|AA:NetPrincipalLocal|AB:GrossPrincipalLocal|AG:SettleCurrency|AP:Ticker|AT:ExpiryDate|AU:ArrivalDate|AV:ArrivalTime,Edm.String,dd/MM/yyyy,Edm.String,canaccord.com,Edm.String,,Edm.String,,Edm.String,xlsx,Edm.String,TradeBlotter,Edm.String,false,Edm.Boolean,2,Edm.Int32,true,Edm.Boolean,true,3bfc1c59-84aa-47fb-bed5-37a313f3262c,HH:mm,Edm.String,Europe/London,Edm.String,2019-11-19T11:40:30.607Z,,Edm.String
467ec5b1-8112-4cfb-a690-b667542f76f1,Edm.String,Charles Stanley,Edm.String,2017-06-21T11:45:02.000Z,Edm.DateTime,en-GB,Edm.String,B:ClientName|C:AccountId|F:CancellationFlag|W:TransactionCode|X:QuantityOrOriginalFace|Z:Price|D:ClientReference|I:ExecutionDate|O:ISIN|AF:TradeCurrency|J:ExecutionTime|G:BrokerDescription|H:BrokerCode|AC:CommissionLocal|AD:InterestLocal|AE:FeesTradeExpenseLocal|AS:StrikePrice|L:AssetType|E:TradeStatus|M:SecurityIdentifierCusip|N:SecurityIdentifierSedol|P:SecurityDescription|V:MaturityDate|AA:NetPrincipalLocal|AB:GrossPrincipalLocal|AG:SettleCurrency|AP:Ticker|AT:ExpiryDate|AU:ArrivalDate|AV:ArrivalTime,Edm.String,dd/MM/yyyy,Edm.String,charles-stanley.co.uk,Edm.String,,Edm.String,,Edm.String,xlsx,Edm.String,TradeBlotter,Edm.String,false,Edm.Boolean,2,Edm.Int32,true,Edm.Boolean,true,467ec5b1-8112-4cfb-a690-b667542f76f1,HH:mm,Edm.String,Europe/London,Edm.String,2019-11-19T11:40:30.607Z,,Edm.String
4942fc18-f65a-463f-943c-bb523e5cb1f5,Edm.String,Citi Private Bank,Edm.String,2017-06-21T11:45:02.000Z,Edm.DateTime,en-GB,Edm.String,B:ClientName|C:AccountId|F:CancellationFlag|W:TransactionCode|X:QuantityOrOriginalFace|Z:Price|D:ClientReference|I:ExecutionDate|O:ISIN|AF:TradeCurrency|J:ExecutionTime|G:BrokerDescription|H:BrokerCode|AC:CommissionLocal|AD:InterestLocal|AE:FeesTradeExpenseLocal|AS:StrikePrice|L:AssetType|E:TradeStatus|M:SecurityIdentifierCusip|N:SecurityIdentifierSedol|P:SecurityDescription|V:MaturityDate|AA:NetPrincipalLocal|AB:GrossPrincipalLocal|AG:SettleCurrency|AP:Ticker|AT:ExpiryDate|AU:ArrivalDate|AV:ArrivalTime,Edm.String,dd/MM/yyyy,Edm.String,citi.com,Edm.String,,Edm.String,,Edm.String,xlsx,Edm.String,TradeBlotter,Edm.String,false,Edm.Boolean,2,Edm.Int32,true,Edm.Boolean,true,4942fc18-f65a-463f-943c-bb523e5cb1f5,HH:mm:ss:fff,Edm.String,Europe/London,Edm.String,2019-11-19T11:40:30.607Z,,Edm.String
4e4a1868-8423-43e7-9d62-c1c638f0ac3e,Edm.String,City Financial,Edm.String,2017-06-21T11:45:02.000Z,Edm.DateTime,en-GB,Edm.String,A:ClientName|B:AccountId|F:CancellationFlag|W:TransactionCode|X:QuantityOrOriginalFace|Z:Price|C:ClientReference|I:ExecutionDate|O:ISIN|AF:TradeCurrency|J:ExecutionTime|G:BrokerDescription|AC:CommissionLocal|AD:InterestLocal|AE:FeesTradeExpenseLocal|AS:StrikePrice|L:AssetType|E:TradeStatus|M:SecurityIdentifierCusip|N:SecurityIdentifierSedol|P:SecurityDescription|V:MaturityDate|Z:NetPrincipalLocal|AB:GrossPrincipalLocal|AG:SettleCurrency|AP:Ticker|AT:ExpiryDate|D:OriginalClientTradeRef|AU:ArrivalDate|AV:ArrivalTime,Edm.String,dd/MM/yyyy,Edm.String,bnymellon.com,Edm.String,,Edm.String,City Financial,Edm.String,csv,Edm.String,TradeBlotter,Edm.String,false,Edm.Boolean,2,Edm.Int32,true,Edm.Boolean,true,4e4a1868-8423-43e7-9d62-c1c638f0ac3e,HH:mm,Edm.String,Europe/London,Edm.String,2019-11-19T11:40:30.607Z,,Edm.String
505bb2e8-9113-4e87-ab33-2a7470ffad37,Edm.String,Veritas,Edm.String,2017-06-21T11:45:02.000Z,Edm.DateTime,en-GB,Edm.String,"A:ClientName|B:AccountId|E:CancellationFlag|V:TransactionCode|W:QuantityOrOriginalFace|Y:Price|C:ClientReference|H:ExecutionDate|N:ISIN|AE:TradeCurrency|I:ExecutionTime|F:BrokerDescription|G:BrokerCode|AB:CommissionLocal|AC:InterestLocal|AD:FeesTradeExpenseLocal|AR:StrikePrice|K:AssetType|D:TradeStatus|L:SecurityIdentifierCusip|M:SecurityIdentifierSedol|O:SecurityDescription|U:MaturityDate|Z:NetPrincipalLocal|AA:GrossPrincipalLocal|AF:SettleCurrency|AO:Ticker|AS:ExpiryDate|AT:ArrivalDate|AU:ArrivalTime
",Edm.String,dd/MM/yyyy,Edm.String,veritasinvestment.co.uk,Edm.String,,Edm.String,,Edm.String,xlsx,Edm.String,TradeBlotter,Edm.String,false,Edm.Boolean,2,Edm.Int32,true,Edm.Boolean,true,505bb2e8-9113-4e87-ab33-2a7470ffad37,HH:mm:ss,Edm.String,America/New_York,Edm.String,2019-11-19T11:40:30.608Z,,Edm.String
1d0f267d-cb1b-4765-b343-a4685aaad75d,Edm.String,Citibank,Edm.String,2018-01-04T13:54:02.000Z,Edm.DateTime,en-GB,Edm.String,E:AccountId|F:ClientTradeRefNo|G:TradeStatus|H:TradeDate|I:AssetType|J:SecurityIdentifierISIN|K:ArrivalDate|L:ArrivalTime,Edm.String,dd/MM/yyyy,Edm.String,citibank.com,Edm.String,,Edm.String,Supplementary,Edm.String,csv,Edm.String,Supplementary,Edm.String,false,Edm.Boolean,2,Edm.Int32,true,Edm.Boolean,true,5266d09f-faaf-42b1-bc51-8453695ed172,HH:mm:ss,Edm.String,Europe/London,Edm.String,2019-11-19T11:40:30.608Z,,Edm.String
5692d692-c8b6-4466-9899-e9a357b1fdf5,Edm.String,Cornelian,Edm.String,2017-06-21T11:45:02.000Z,Edm.DateTime,en-GB,Edm.String,A:ClientName|B:AccountId|E:CancellationFlag|V:TransactionCode|W:QuantityOrOriginalFace|Y:Price|C:ClientReference|H:ExecutionDate|N:ISIN|AE:TradeCurrency|I:ExecutionTime|F:BrokerDescription|G:BrokerCode|AB:CommissionLocal|AC:InterestLocal|AD:FeesTradeExpenseLocal|AR:StrikePrice|K:AssetType|D:TradeStatus|L:SecurityIdentifierCusip|M:SecurityIdentifierSedol|O:SecurityDescription|U:MaturityDate|Z:NetPrincipalLocal|AA:GrossPrincipalLocal|AF:SettleCurrency|AO:Ticker|AS:ExpiryDate|AT:ArrivalDate|AU:ArrivalTime,Edm.String,dd/MM/yyyy,Edm.String,cornelianam.com,Edm.String,,Edm.String,,Edm.String,xlsx,Edm.String,TradeBlotter,Edm.String,false,Edm.Boolean,2,Edm.Int32,true,Edm.Boolean,true,5692d692-c8b6-4466-9899-e9a357b1fdf5,HH:mm,Edm.String,Europe/London,Edm.String,2019-11-19T11:40:30.608Z,,Edm.String
60792889-8de6-4a4f-b671-080b6e8df35f,Edm.String,Crux (Oriel),Edm.String,2017-06-21T11:45:02.000Z,Edm.DateTime,en-GB,Edm.String,C:ClientName|D:AccountId|G:CancellationFlag|X:TransactionCode|Y:QuantityOrOriginalFace|AA:Price|E:ClientReference|J:ExecutionDate|P:ISIN|AG:TradeCurrency|K:ExecutionTime|H:BrokerDescription|I:BrokerCode|AD:CommissionLocal|AE:InterestLocal|AF:FeesTradeExpenseLocal|AT:StrikePrice|M:AssetType|F:TradeStatus|N:SecurityIdentifierCusip|O:SecurityIdentifierSedol|Q:SecurityDescription|W:MaturityDate|AB:NetPrincipalLocal|AC:GrossPrincipalLocal|AH:SettleCurrency|AQ:Ticker|AU:ExpiryDate|AV:ArrivalDate|AW:ArrivalTime,Edm.String,dd/MM/yyyy,Edm.String,Cruxam.com,Edm.String,,Edm.String,,Edm.String,xlsx,Edm.String,TradeBlotter,Edm.String,false,Edm.Boolean,2,Edm.Int32,true,Edm.Boolean,true,60792889-8de6-4a4f-b671-080b6e8df35f,HH:mm:ss,Edm.String,Europe/London,Edm.String,2019-11-19T11:40:30.608Z,,Edm.String
60af10e5-4dd7-4897-b28a-b4c3680dcec4,Edm.String,Heartwood,Edm.String,2017-06-21T11:45:02.000Z,Edm.DateTime,en-GB,Edm.String,C:ClientName|D:AccountId|G:CancellationFlag|X:TransactionCode|Y:QuantityOrOriginalFace|AA:Price|E:ClientReference|J:ExecutionDate|P:ISIN|AG:TradeCurrency|K:ExecutionTime|H:BrokerDescription|I:BrokerCode|AD:CommissionLocal|AE:InterestLocal|AF:FeesTradeExpenseLocal|AT:StrikePrice|M:AssetType|F:TradeStatus|N:SecurityIdentifierCusip|O:SecurityIdentifierSedol|Q:SecurityDescription|W:MaturityDate|AB:NetPrincipalLocal|AC:GrossPrincipalLocal|AH:SettleCurrency|AQ:Ticker|AU:ExpiryDate|AV:ArrivalDate|AW:ArrivalTime,Edm.String,dd/MM/yyyy,Edm.String,caslink.co.uk,Edm.String,,Edm.String,Heartwood,Edm.String,xlsx,Edm.String,TradeBlotter,Edm.String,false,Edm.Boolean,2,Edm.Int32,true,Edm.Boolean,true,60af10e5-4dd7-4897-b28a-b4c3680dcec4,HH:mm:ss,Edm.String,Europe/London,Edm.String,2019-11-19T11:40:30.609Z,,Edm.String
6119390e-99ea-4ceb-9007-37e7930445f2,Edm.String,Eclectica,Edm.String,2017-06-21T11:45:02.000Z,Edm.DateTime,en-GB,Edm.String,A:ClientName|B:AccountId|E:CancellationFlag|V:TransactionCode|W:QuantityOrOriginalFace|Y:Price|C:ClientReference|H:ExecutionDate|N:ISIN|AE:TradeCurrency|I:ExecutionTime|F:BrokerDescription|G:BrokerCode|AB:CommissionLocal|AC:InterestLocal|AD:FeesTradeExpenseLocal|AR:StrikePrice|K:AssetType|D:TradeStatus|L:SecurityIdentifierCusip|M:SecurityIdentifierSedol|O:SecurityDescription|U:MaturityDate|Z:NetPrincipalLocal|AA:GrossPrincipalLocal|AF:SettleCurrency|AO:Ticker|AS:ExpiryDate|AT:ArrivalDate|AU:ArrivalTime,Edm.String,dd/MM/yyyy,Edm.String,bnymellon.com,Edm.String,,Edm.String,Eclectica,Edm.String,csv,Edm.String,TradeBlotter,Edm.String,false,Edm.Boolean,2,Edm.Int32,true,Edm.Boolean,true,6119390e-99ea-4ceb-9007-37e7930445f2,HH:mm,Edm.String,Europe/London,Edm.String,2019-11-19T11:40:30.609Z,,Edm.String
6b02bcf6-50c7-4e69-a0fb-1bcd0ac5b71f,Edm.String,Fisher Investment,Edm.String,2017-06-21T11:45:02.000Z,Edm.DateTime,en-GB,Edm.String,C:AccountId|Y:CancellationFlag|E:TransactionCode|F:QuantityOrOriginalFace|L:Price|V:ClientReference|A:ExecutionDate|H:ISIN|T:TradeCurrency|X:ExecutionTime|D:BrokerDescription|O:CommissionLocal|N:InterestLocal|Q:FeesTradeExpenseLocal|W:TradeStatus|I:SecurityIdentifierSedol|K:SecurityDescription|R:NetPrincipalLocal|M:GrossPrincipalLocal|S:SettleCurrency|G:Ticker|Z:ArrivalDate|AA:ArrivalTime,Edm.String,dd-MMM-yy,Edm.String,fi.com,Edm.String,FX,Edm.String,,Edm.String,xlsx,Edm.String,TradeBlotter,Edm.String,false,Edm.Boolean,2,Edm.Int32,true,Edm.Boolean,true,6b02bcf6-50c7-4e69-a0fb-1bcd0ac5b71f,HH:mm:ss,Edm.String,Europe/London,Edm.String,2019-11-19T11:40:30.609Z,,Edm.String
6dd62087-96ca-47e2-94e5-804aa3dfb308,Edm.String,Gresham House,Edm.String,2019-06-25T17:45:02.000Z,Edm.DateTime,en-GB,Edm.String,A:ClientName|C:AccountId|F:CancellationFlag|V:TransactionCode|W:QuantityOrOriginalFace|Y:Price|D:ClientReference|H:ExecutionDate|N:ISIN|AE:TradeCurrency|I:ExecutionTime|G:BrokerDescription|AB:CommissionLocal|AC:InterestLocal|AD:FeesTradeExpenseLocal|AR:StrikePrice|K:AssetType|E:TradeStatus|L:SecurityIdentifierCusip|M:SecurityIdentifierSedol|O:SecurityDescription|U:MaturityDate|Z:NetPrincipalLocal|AA:GrossPrincipalLocal|AF:SettleCurrency|AO:Ticker|AS:ExpiryDate|AT:ArrivalDate|AU:ArrivalTime,Edm.String,dd/MM/yyyy,Edm.String,greshamhouse.com,Edm.String,,Edm.String,,Edm.String,xlsx,Edm.String,TradeBlotter,Edm.String,false,Edm.Boolean,2,Edm.Int32,true,Edm.Boolean,true,6dd62087-96ca-47e2-94e5-804aa3dfb308,HH:mm:ss,Edm.String,Europe/London,Edm.String,2019-11-19T11:40:30.609Z,,Edm.String
6f0948df-8f77-43a8-b5c5-fa781bbc316e,Edm.String,Whitefoords,Edm.String,2017-06-21T11:45:02.000Z,Edm.DateTime,en-GB,Edm.String,C:ClientName|D:AccountId|G:CancellationFlag|X:TransactionCode|Y:QuantityOrOriginalFace|AA:Price|E:ClientReference|J:ExecutionDate|P:ISIN|AG:TradeCurrency|K:ExecutionTime|H:BrokerDescription|I:BrokerCode|AD:CommissionLocal|AE:InterestLocal|AF:FeesTradeExpenseLocal|AT:StrikePrice|M:AssetType|f:TradeStatus|N:SecurityIdentifierCusip|O:SecurityIdentifierSedol|Q:SecurityDescription|W:MaturityDate|AB:NetPrincipalLocal|AC:GrossPrincipalLocal|AH:SettleCurrency|AQ:Ticker|AU:ExpiryDate|AV:ArrivalDate|AW:ArrivalTime,Edm.String,dd/MM/yyyy,Edm.String,caslink.co.uk,Edm.String,,Edm.String,Whitefoord,Edm.String,xlsx,Edm.String,TradeBlotter,Edm.String,false,Edm.Boolean,2,Edm.Int32,true,Edm.Boolean,true,6f0948df-8f77-43a8-b5c5-fa781bbc316e,HH:mm,Edm.String,Europe/London,Edm.String,2019-11-19T11:40:30.609Z,,Edm.String
74f9f6e1-54be-4e2b-9957-ab5533a43d4b,Edm.String,Generali,Edm.String,2017-06-21T11:45:02.000Z,Edm.DateTime,en-GB,Edm.String,C:ClientName|D:AccountId|G:CancellationFlag|X:TransactionCode|Y:QuantityOrOriginalFace|AA:Price|E:ClientReference|J:ExecutionDate|P:ISIN|AG:TradeCurrency|K:ExecutionTime|H:BrokerDescription|I:BrokerCode|AD:CommissionLocal|AE:InterestLocal|AF:FeesTradeExpenseLocal|AT:StrikePrice|M:AssetType|F:TradeStatus|N:SecurityIdentifierCusip|O:SecurityIdentifierSedol|Q:SecurityDescription|W:MaturityDate|AB:NetPrincipalLocal|AC:GrossPrincipalLocal|AH:SettleCurrency|AQ:Ticker|AU:ExpiryDate|AV:ArrivalDate|AW:ArrivalTime,Edm.String,dd/MM/yyyy,Edm.String,generali-gpm.com,Edm.String,,Edm.String,,Edm.String,xlsx,Edm.String,TradeBlotter,Edm.String,false,Edm.Boolean,2,Edm.Int32,true,Edm.Boolean,true,74f9f6e1-54be-4e2b-9957-ab5533a43d4b,HH:mm,Edm.String,Europe/London,Edm.String,2019-11-19T11:40:30.609Z,,Edm.String
7a0bcc39-c05e-40c2-a3f7-8a70b4c4da64,Edm.String,Heartwood,Edm.String,2017-06-21T11:45:02.000Z,Edm.DateTime,en-GB,Edm.String,C:ClientName|D:AccountId|G:CancellationFlag|X:TransactionCode|Y:QuantityOrOriginalFace|AA:Price|E:ClientReference|J:ExecutionDate|P:ISIN|AG:TradeCurrency|K:ExecutionTime|H:BrokerDescription|I:BrokerCode|AD:CommissionLocal|AE:InterestLocal|AF:FeesTradeExpenseLocal|AT:StrikePrice|M:AssetType|F:TradeStatus|N:SecurityIdentifierCusip|O:SecurityIdentifierSedol|Q:SecurityDescription|W:MaturityDate|AB:NetPrincipalLocal|AC:GrossPrincipalLocal|AH:SettleCurrency|AQ:Ticker|AU:ExpiryDate|AV:ArrivalDate|AW:ArrivalTime,Edm.String,dd/MM/yyyy,Edm.String,capita.co.uk,Edm.String,,Edm.String,Heartwood,Edm.String,xlsx,Edm.String,TradeBlotter,Edm.String,false,Edm.Boolean,2,Edm.Int32,true,Edm.Boolean,true,7a0bcc39-c05e-40c2-a3f7-8a70b4c4da64,HH:mm:ss,Edm.String,Europe/London,Edm.String,2019-11-19T11:40:30.610Z,,Edm.String
7ca77576-fb0b-4857-ac3b-a0a1c944c635,Edm.String,Irwin Mitchell,Edm.String,2017-06-21T11:45:02.000Z,Edm.DateTime,en-GB,Edm.String,A:ClientName|B:AccountId|E:CancellationFlag|V:TransactionCode|W:QuantityOrOriginalFace|Y:Price|C:ClientReference|H:ExecutionDate|N:ISIN|AE:TradeCurrency|I:ExecutionTime|F:BrokerDescription|G:BrokerCode|AB:CommissionLocal|AC:InterestLocal|AD:FeesTradeExpenseLocal|AR:StrikePrice|K:AssetType|D:TradeStatus|L:SecurityIdentifierCusip|M:SecurityIdentifierSedol|O:SecurityDescription|U:MaturityDate|Z:NetPrincipalLocal|AA:GrossPrincipalLocal|AF:SettleCurrency|AO:Ticker|AS:ExpiryDate|AT:ArrivalDate|AU:ArrivalTime,Edm.String,dd/MM/yyyy,Edm.String,bnymellon.com,Edm.String,,Edm.String,IM Assets,Edm.String,csv,Edm.String,TradeBlotter,Edm.String,false,Edm.Boolean,2,Edm.Int32,true,Edm.Boolean,true,7ca77576-fb0b-4857-ac3b-a0a1c944c635,HH:mm,Edm.String,Europe/London,Edm.String,2019-11-19T11:40:30.610Z,,Edm.String
82d4b8ef-814c-40a6-94ba-fe2284467bf4,Edm.String,James Hambro,Edm.String,2017-06-21T11:45:02.000Z,Edm.DateTime,en-GB,Edm.String,A:ClientName|B:AccountId|E:CancellationFlag|V:TransactionCode|W:QuantityOrOriginalFace|Y:Price|C:ClientReference|H:ExecutionDate|N:ISIN|AE:TradeCurrency|I:ExecutionTime|F:BrokerDescription|G:BrokerCode|AB:CommissionLocal|AC:InterestLocal|AD:FeesTradeExpenseLocal|AR:StrikePrice|K:AssetType|D:TradeStatus|L:SecurityIdentifierCusip|M:SecurityIdentifierSedol|O:SecurityDescription|U:MaturityDate|Z:NetPrincipalLocal|AA:GrossPrincipalLocal|AF:SettleCurrency|AO:Ticker|AS:ExpiryDate|AT:ArrivalDate|AU:ArrivalTime,Edm.String,dd/MM/yyyy,Edm.String,jameshambro.com,Edm.String,,Edm.String,,Edm.String,xlsx,Edm.String,TradeBlotter,Edm.String,false,Edm.Boolean,2,Edm.Int32,true,Edm.Boolean,true,82d4b8ef-814c-40a6-94ba-fe2284467bf4,HH:mm,Edm.String,Europe/London,Edm.String,2019-11-19T11:40:30.610Z,,Edm.String
85719a53-9781-4ffa-8b9b-70df726c4801,Edm.String,Jessops Funds,Edm.String,2017-06-21T11:45:02.000Z,Edm.DateTime,en-GB,Edm.String,B:ClientName|C:AccountId|F:CancellationFlag|W:TransactionCode|X:QuantityOrOriginalFace|Z:Price|D:ClientReference|I:ExecutionDate|O:ISIN|AE:TradeCurrency|J:ExecutionTime|G:BrokerDescription|H:BrokerCode|AB:CommissionLocal|AC:InterestLocal|AD:FeesTradeExpenseLocal|AR:StrikePrice|L:AssetType,Edm.String,dd/MM/yyyy,Edm.String,caslink.co.uk,Edm.String,,Edm.String,SHP & PPT,Edm.String,xlsx,Edm.String,TradeBlotter,Edm.String,false,Edm.Boolean,2,Edm.Int32,true,Edm.Boolean,true,85719a53-9781-4ffa-8b9b-70df726c4801,HH:mm:ss,Edm.String,Europe/London,Edm.String,2019-11-19T11:40:30.610Z,,Edm.String
88d330e0-8767-4bdc-80b2-590b77542b55,Edm.String,Jessops Funds,Edm.String,2017-06-21T11:45:02.000Z,Edm.DateTime,en-GB,Edm.String,B:ClientName|C:AccountId|F:CancellationFlag|W:TransactionCode|X:QuantityOrOriginalFace|Z:Price|D:ClientReference|I:ExecutionDate|O:ISIN|AE:TradeCurrency|J:ExecutionTime|G:BrokerDescription|H:BrokerCode|AB:CommissionLocal|AC:InterestLocal|AD:FeesTradeExpenseLocal|AR:StrikePrice|L:AssetType|E:TradeStatus|M:SecurityIdentifierCusip|N:SecurityIdentifierSedol|P:SecurityDescription|V:MaturityDate|AA:NetPrincipalLocal|AB:GrossPrincipalLocal|AG:SettleCurrency|AO:Ticker|AS:ExpiryDate|AU:ArrivalDate|AV:ArrivalTime,Edm.String,dd/MM/yyyy,Edm.String,capitafinancial.com,Edm.String,,Edm.String,,Edm.String,xlsx,Edm.String,TradeBlotter,Edm.String,false,Edm.Boolean,2,Edm.Int32,true,Edm.Boolean,true,88d330e0-8767-4bdc-80b2-590b77542b55,HH:mm:ss,Edm.String,Europe/London,Edm.String,2019-11-19T11:40:30.610Z,,Edm.String
8cee08a0-c290-4a35-b7ab-78861a3c1aea,Edm.String,Rothschild,Edm.String,2017-06-21T11:45:02.000Z,Edm.DateTime,en-GB,Edm.String,C:ClientName|D:AccountId|G:CancellationFlag|X:TransactionCode|Y:QuantityOrOriginalFace|AA:Price|E:ClientReference|J:ExecutionDate|P:ISIN|AG:TradeCurrency|K:ExecutionTime|H:BrokerDescription|I:BrokerCode|AD:CommissionLocal|AE:InterestLocal|AF:FeesTradeExpenseLocal|AT:StrikePrice|M:AssetType|F:TradeStatus|N:SecurityIdentifierCusip|O:SecurityIdentifierSedol|Q:SecurityDescription|W:MaturityDate|AB:NetPrincipalLocal|AC:GrossPrincipalLocal|AH:SettleCurrency|AQ:Ticker|AU:ExpiryDate|AV:ArrivalDate|AW:ArrivalTime,Edm.String,dd/MM/yyyy,Edm.String,caslink.co.uk,Edm.String,,Edm.String,Rothschild,Edm.String,xlsx,Edm.String,TradeBlotter,Edm.String,false,Edm.Boolean,2,Edm.Int32,true,Edm.Boolean,true,8cee08a0-c290-4a35-b7ab-78861a3c1aea,HH:mm,Edm.String,Europe/London,Edm.String,2019-11-19T11:40:30.611Z,,Edm.String
8eb886f9-b446-412b-a3a8-a4ba93218d60,Edm.String,Waverton,Edm.String,2017-06-21T11:45:02.000Z,Edm.DateTime,en-GB,Edm.String,A:ClientName|B:AccountId|E:CancellationFlag|V:TransactionCode|W:QuantityOrOriginalFace|Y:Price|C:ClientReference|H:ExecutionDate|N:ISIN|AE:TradeCurrency|I:ExecutionTime|F:BrokerDescription|G:BrokerCode|AB:CommissionLocal|AC:InterestLocal|AD:FeesTradeExpenseLocal|AR:StrikePrice|K:AssetType|D:TradeStatus|L:SecurityIdentifierCusip|M:SecurityIdentifierSedol|O:SecurityDescription|U:MaturityDate|Z:NetPrincipalLocal|AA:GrossPrincipalLocal|AF:SettleCurrency|AO:Ticker|AS:ExpiryDate|AT:ArrivalDate|AU:ArrivalTime,Edm.String,dd/MM/yyyy,Edm.String,bnymellon.com,Edm.String,,Edm.String,Waverton,Edm.String,csv,Edm.String,TradeBlotter,Edm.String,false,Edm.Boolean,2,Edm.Int32,true,Edm.Boolean,true,8eb886f9-b446-412b-a3a8-a4ba93218d60,HH:mm:ss,Edm.String,Europe/London,Edm.String,2019-11-19T11:40:30.611Z,,Edm.String
9106da81-d671-48a8-b135-85645399068a,Edm.String,MacKenzie,Edm.String,2017-06-21T11:45:02.000Z,Edm.DateTime,en-GB,Edm.String,C:ClientName|D:AccountId|G:CancellationFlag|X:TransactionCode|Y:QuantityOrOriginalFace|AA:Price|E:ClientReference|J:ExecutionDate|P:ISIN|AG:TradeCurrency|K:ExecutionTime|H:BrokerDescription|I:BrokerCode|AD:CommissionLocal|AE:InterestLocal|AF:FeesTradeExpenseLocal|AT:StrikePrice|M:AssetType|F:TradeStatus|N:SecurityIdentifierCusip|O:SecurityIdentifierSedol|Q:SecurityDescription|W:MaturityDate|AB:NetPrincipalLocal|AC:GrossPrincipalLocal|AH:SettleCurrency|AQ:Ticker|AU:ExpiryDate|AV:ArrivalDate|AW:ArrivalTime,Edm.String,dd/MM/yyyy,Edm.String,caslink.co.uk,Edm.String,,Edm.String,Mackenzie,Edm.String,xlsx,Edm.String,TradeBlotter,Edm.String,false,Edm.Boolean,2,Edm.Int32,true,Edm.Boolean,true,9106da81-d671-48a8-b135-85645399068a,HH:mm,Edm.String,America/Toronto,Edm.String,2019-11-19T11:40:30.611Z,,Edm.String
971058c2-38d5-446d-b95a-d1e24b5b3f20,Edm.String,Kleinwort Benson,Edm.String,2017-06-21T11:45:02.000Z,Edm.DateTime,en-GB,Edm.String,A:ClientName|B:AccountId|E:CancellationFlag|V:TransactionCode|W:QuantityOrOriginalFace|Y:Price|C:ClientReference|H:ExecutionDate|N:ISIN|AE:TradeCurrency|I:ExecutionTime|F:BrokerDescription|G:BrokerCode|AB:CommissionLocal|AC:InterestLocal|AD:FeesTradeExpenseLocal|AR:StrikePrice|K:AssetType|D:TradeStatus|L:SecurityIdentifierCusip|M:SecurityIdentifierSedol|O:SecurityDescription|U:MaturityDate|Z:NetPrincipalLocal|AA:GrossPrincipalLocal|AF:SettleCurrency|AO:Ticker|AS:ExpiryDate|AT:ArrivalDate|AU:ArrivalTime,Edm.String,dd/MM/yyyy,Edm.String,kleinwortbenson.com,Edm.String,,Edm.String,,Edm.String,xlsx,Edm.String,TradeBlotter,Edm.String,false,Edm.Boolean,2,Edm.Int32,true,Edm.Boolean,true,971058c2-38d5-446d-b95a-d1e24b5b3f20,HH:mm,Edm.String,Europe/London,Edm.String,2019-11-19T11:40:30.611Z,,Edm.String
a565fcd1-bde6-49ee-a555-24eb14c80db6,Edm.String,Lindsell Train,Edm.String,2017-06-21T11:45:02.000Z,Edm.DateTime,en-GB,Edm.String,A:ClientName|B:AccountId|E:CancellationFlag|V:TransactionCode|W:QuantityOrOriginalFace|Y:Price|C:ClientReference|H:ExecutionDate|N:ISIN|AE:TradeCurrency|I:ExecutionTime|F:BrokerDescription|G:BrokerCode|AB:CommissionLocal|AC:InterestLocal|AD:FeesTradeExpenseLocal|AR:StrikePrice|K:AssetType|D:TradeStatus|L:SecurityIdentifierCusip|M:SecurityIdentifierSedol|O:SecurityDescription|U:MaturityDate|Z:NetPrincipalLocal|AA:GrossPrincipalLocal|AF:SettleCurrency|AO:Ticker|AS:ExpiryDate|AT:ArrivalDate|AU:ArrivalTime,Edm.String,dd/MM/yyyy,Edm.String,bnymellon.com,Edm.String,,Edm.String,Lindsell,Edm.String,xlsx,Edm.String,TradeBlotter,Edm.String,false,Edm.Boolean,2,Edm.Int32,true,Edm.Boolean,true,a565fcd1-bde6-49ee-a555-24eb14c80db6,HH:mm,Edm.String,Europe/London,Edm.String,2019-11-19T11:40:30.611Z,,Edm.String
153788e1-3224-499d-85bb-36f717f98558,Edm.String,Ruffer_OTC,Edm.String,2017-06-21T11:45:02.000Z,Edm.DateTime,en-GB,Edm.String,A:OTCClientReference|B:ClientInstrumentIdentifier|D:PortfolioIdentifier|E:ClientPortfolioIdentifier|G:CounterpartyIdentifier|H:OTCClientClearingExchangeIdentifier|J:OTCMOProductType|K:ProductSubtype|L:OTCOptionType|M:OTCOptionSubType|R:OTCBuySellIndicator|Q:TradeDate|S:ExecutionTime|U:MaturityDate|AE:UnderlyingQuantity|AG:PriceOfTheContract|AI:OTCOptionStrikePrice|BI:UnderlyingISIN|CI:UnderlyingTicker|CJ:UnderlyingDescription|CK:RICCode,Edm.String,dd/MM/yyyy,Edm.String,ruffer.co.uk,Edm.String,,Edm.String,OTC,Edm.String,xlsx,Edm.String,OTC,Edm.String,false,Edm.Boolean,2,Edm.Int32,true,Edm.Boolean,true,a586ee67-3108-4336-9c57-2ff254064770,HH:mm,Edm.String,Europe/London,Edm.String,2019-11-19T11:40:30.612Z,,Edm.String
ade51d3f-5735-44b0-b3e3-c3d287a327dc,Edm.String,Troy,Edm.String,2017-06-21T11:45:02.000Z,Edm.DateTime,en-GB,Edm.String,A:ClientName|B:AccountId|E:CancellationFlag|V:TransactionCode|W:QuantityOrOriginalFace|Y:Price|C:ClientReference|H:ExecutionDate|N:ISIN|AE:TradeCurrency|I:ExecutionTime|F:BrokerDescription|G:BrokerCode|AB:CommissionLocal|AC:InterestLocal|AD:FeesTradeExpenseLocal|AR:StrikePrice|K:AssetType|D:TradeStatus|L:SecurityIdentifierCusip|M:SecurityIdentifierSedol|O:SecurityDescription|U:MaturityDate|Z:NetPrincipalLocal|AA:GrossPrincipalLocal|AF:SettleCurrency|AO:Ticker|AS:ExpiryDate|AU:ArrivalDate|AV:ArrivalTime,Edm.String,dd/MM/yyyy,Edm.String,bnymellon.com,Edm.String,,Edm.String,Troy,Edm.String,csv,Edm.String,TradeBlotter,Edm.String,false,Edm.Boolean,2,Edm.Int32,true,Edm.Boolean,true,ade51d3f-5735-44b0-b3e3-c3d287a327dc,HH:mm:ss,Edm.String,Europe/London,Edm.String,2019-11-19T11:40:30.612Z,,Edm.String
b4e86ad9-1d19-42d1-a24c-d7769ac3d2cd,Edm.String,Whitefoords,Edm.String,2018-05-16T11:16:02.000Z,Edm.DateTime,en-GB,Edm.String,C:ClientName|D:AccountId|G:CancellationFlag|X:TransactionCode|Y:QuantityOrOriginalFace|AA:Price|E:ClientReference|J:ExecutionDate|P:ISIN|AG:TradeCurrency|K:ExecutionTime|H:BrokerDescription|I:BrokerCode|AD:CommissionLocal|AE:InterestLocal|AF:FeesTradeExpenseLocal|AT:StrikePrice|M:AssetType|f:TradeStatus|N:SecurityIdentifierCusip|O:SecurityIdentifierSedol|Q:SecurityDescription|W:MaturityDate|AB:NetPrincipalLocal|AC:GrossPrincipalLocal|AH:SettleCurrency|AQ:Ticker|AU:ExpiryDate|AV:ArrivalDate|AW:ArrivalTime,Edm.String,dd/MM/yyyy,Edm.String,Whitefoord.co.uk,Edm.String,,Edm.String,Whitefoord,Edm.String,xlsx,Edm.String,TradeBlotter,Edm.String,false,Edm.Boolean,2,Edm.Int32,true,Edm.Boolean,true,b4e86ad9-1d19-42d1-a24c-d7769ac3d2cd,HH:mm,Edm.String,Europe/London,Edm.String,2019-11-19T11:40:30.612Z,,Edm.String
c45ab72d-9ffd-44e8-a168-98a172598921,Edm.String,Kleinwort Hambros,Edm.String,2017-06-21T11:45:02.000Z,Edm.DateTime,en-GB,Edm.String,A:ClientName|B:AccountId|E:CancellationFlag|V:TransactionCode|W:QuantityOrOriginalFace|Y:Price|C:ClientReference|H:ExecutionDate|N:ISIN|AE:TradeCurrency|I:ExecutionTime|F:BrokerDescription|G:BrokerCode|AB:CommissionLocal|AC:InterestLocal|AD:FeesTradeExpenseLocal|AR:StrikePrice|K:AssetType|D:TradeStatus|L:SecurityIdentifierCusip|M:SecurityIdentifierSedol|O:SecurityDescription|U:MaturityDate|Z:NetPrincipalLocal|AA:GrossPrincipalLocal|AF:SettleCurrency|AO:Ticker|AS:ExpiryDate|AT:ArrivalDate|AU:ArrivalTime,Edm.String,dd/MM/yyyy,Edm.String,kleinworthambros.com,Edm.String,,Edm.String,,Edm.String,xlsx,Edm.String,TradeBlotter,Edm.String,false,Edm.Boolean,2,Edm.Int32,true,Edm.Boolean,true,c45ab72d-9ffd-44e8-a168-98a172598921,HH:mm,Edm.String,Europe/London,Edm.String,2019-11-19T11:40:30.612Z,,Edm.String
c67121b7-3055-4386-8889-5514a328cd3a,Edm.String,Living Bridge,Edm.String,2017-06-21T11:45:02.000Z,Edm.DateTime,en-GB,Edm.String,A:ClientName|C:AccountId|F:CancellationFlag|V:TransactionCode|W:QuantityOrOriginalFace|Y:Price|D:ClientReference|H:ExecutionDate|N:ISIN|AE:TradeCurrency|I:ExecutionTime|G:BrokerDescription|AB:CommissionLocal|AC:InterestLocal|AD:FeesTradeExpenseLocal|AR:StrikePrice|K:AssetType|E:TradeStatus|L:SecurityIdentifierCusip|M:SecurityIdentifierSedol|O:SecurityDescription|U:MaturityDate|Z:NetPrincipalLocal|AA:GrossPrincipalLocal|AF:SettleCurrency|AO:Ticker|AS:ExpiryDate|AT:ArrivalDate|AU:ArrivalTime,Edm.String,dd/MM/yyyy,Edm.String,livingbridge.com,Edm.String,,Edm.String,,Edm.String,xlsx,Edm.String,TradeBlotter,Edm.String,false,Edm.Boolean,2,Edm.Int32,true,Edm.Boolean,true,c67121b7-3055-4386-8889-5514a328cd3a,HH:mm:ss,Edm.String,Europe/London,Edm.String,2019-11-19T11:40:30.612Z,,Edm.String
c8dad0a6-13f7-4bd2-bd84-a4f1eca65abb,Edm.String,MacKenzie,Edm.String,2017-06-21T11:45:02.000Z,Edm.DateTime,en-GB,Edm.String,C:ClientName|D:AccountId|G:CancellationFlag|X:TransactionCode|Y:QuantityOrOriginalFace|AA:Price|E:ClientReference|J:ExecutionDate|P:ISIN|AG:TradeCurrency|K:ExecutionTime|H:BrokerDescription|I:BrokerCode|AD:CommissionLocal|AE:InterestLocal|AF:FeesTradeExpenseLocal|AT:StrikePrice|M:AssetType|F:TradeStatus|N:SecurityIdentifierCusip|O:SecurityIdentifierSedol|Q:SecurityDescription|W:MaturityDate|AB:NetPrincipalLocal|AC:GrossPrincipalLocal|AH:SettleCurrency|AQ:Ticker|AU:ExpiryDate|AV:ArrivalDate|AW:ArrivalTime,Edm.String,dd/MM/yyyy,Edm.String,capita.co.uk,Edm.String,,Edm.String,Mackenzie,Edm.String,xlsx,Edm.String,TradeBlotter,Edm.String,false,Edm.Boolean,2,Edm.Int32,true,Edm.Boolean,true,c8dad0a6-13f7-4bd2-bd84-a4f1eca65abb,HH:mm,Edm.String,America/Toronto,Edm.String,2019-11-19T11:40:30.613Z,,Edm.String
c9ce68ee-e8d4-403f-8909-bb0e3f0b6e5a,Edm.String,Jessops Funds,Edm.String,2017-06-21T11:45:02.000Z,Edm.DateTime,en-GB,Edm.String,B:ClientName|C:AccountId|F:CancellationFlag|W:TransactionCode|X:QuantityOrOriginalFace|Z:Price|D:ClientReference|I:ExecutionDate|O:ISIN|AE:TradeCurrency|J:ExecutionTime|G:BrokerDescription|H:BrokerCode|AB:CommissionLocal|AC:InterestLocal|AD:FeesTradeExpenseLocal|AR:StrikePrice|L:AssetType,Edm.String,dd/MM/yyyy,Edm.String,linkgroup.co.uk,Edm.String,,Edm.String,SHP & PPT,Edm.String,xlsx,Edm.String,TradeBlotter,Edm.String,false,Edm.Boolean,2,Edm.Int32,true,Edm.Boolean,true,c9ce68ee-e8d4-403f-8909-bb0e3f0b6e5a,HH:mm:ss,Edm.String,Europe/London,Edm.String,2019-11-19T11:40:30.613Z,,Edm.String
c9ecbe9b-9988-465d-b936-2d349e13b8de,Edm.String,Macquarie,Edm.String,2017-06-21T11:45:02.000Z,Edm.DateTime,en-AU,Edm.String,C:ClientName|D:AccountId|G:CancellationFlag|X:TransactionCode|Y:QuantityOrOriginalFace|AA:Price|E:ClientReference|J:ExecutionDate|P:ISIN|AG:TradeCurrency|K:ExecutionTime|H:BrokerDescription|I:BrokerCode|AD:CommissionLocal|AE:InterestLocal|AF:FeesTradeExpenseLocal|AT:StrikePrice|M:AssetType|F:TradeStatus|N:SecurityIdentifierCusip|O:SecurityIdentifierSedol|Q:SecurityDescription|W:MaturityDate|AB:NetPrincipalLocal|AC:GrossPrincipalLocal|AH:SettleCurrency|AQ:Ticker|AU:ExpiryDate|AV:ArrivalDate|AW:ArrivalTime,Edm.String,dd/MM/yyyy,Edm.String,macquarie.com,Edm.String,,Edm.String,,Edm.String,csv,Edm.String,TradeBlotter,Edm.String,false,Edm.Boolean,2,Edm.Int32,true,Edm.Boolean,true,c9ecbe9b-9988-465d-b936-2d349e13b8de,HH:mm,Edm.String,Australia/Sydney,Edm.String,2019-11-19T11:40:30.613Z,,Edm.String
ca3951ff-221f-41f4-a525-8fc4df6b8fab,Edm.String,Manek,Edm.String,2017-06-21T11:45:02.000Z,Edm.DateTime,en-GB,Edm.String,A:ClientName|B:AccountId|E:CancellationFlag|V:TransactionCode|W:QuantityOrOriginalFace|Y:Price|C:ClientReference|H:ExecutionDate|N:ISIN|AE:TradeCurrency|I:ExecutionTime|F:BrokerDescription|G:BrokerCode|AB:CommissionLocal|AC:InterestLocal|AD:FeesTradeExpenseLocal|AR:StrikePrice|K:AssetType|D:TradeStatus|L:SecurityIdentifierCusip|M:SecurityIdentifierSedol|O:SecurityDescription|U:MaturityDate|Z:NetPrincipalLocal|AA:GrossPrincipalLocal|AF:SettleCurrency|AO:Ticker|AS:ExpiryDate|AT:ArrivalDate|AU:ArrivalTime,Edm.String,dd/MM/yyyy,Edm.String,manek.co.uk,Edm.String,,Edm.String,,Edm.String,xlsx,Edm.String,TradeBlotter,Edm.String,false,Edm.Boolean,2,Edm.Int32,true,Edm.Boolean,true,ca3951ff-221f-41f4-a525-8fc4df6b8fab,HH:mm,Edm.String,Europe/London,Edm.String,2019-11-19T11:40:30.613Z,,Edm.String
ce1fae63-1647-4063-887c-321a255c79bb,Edm.String,Miton,Edm.String,2017-06-21T11:45:02.000Z,Edm.DateTime,en-GB,Edm.String,C:ClientName|B:AccountId|J:TransactionCode|M:QuantityOrOriginalFace|N:Price|A:ClientReference|D:ExecutionDate|H:ISIN|L:TradeCurrency|E:ExecutionTime|P:CommissionLocal|U:InterestLocal|G:SecurityIdentifierSedol|V:GrossPrincipalLocal|L:SettleCurrency|Q:StampDutyAmount|R:TransactionLevyAmount|S:ExchangeFeeAmount|T:MiscellaneousFeeAmount,Edm.String,dd/MM/yyyy,Edm.String,bnymellon.com,Edm.String,Foreign Exchange,Edm.String,Miton,Edm.String,xlsx,Edm.String,TradeBlotter,Edm.String,false,Edm.Boolean,3,Edm.Int32,true,Edm.Boolean,true,ce1fae63-1647-4063-887c-321a255c79bb,HH:mm:ss,Edm.String,Europe/London,Edm.String,2019-11-19T11:40:30.613Z,,Edm.String
ce255455-90a9-4f41-a817-018cc350aa73,Edm.String,Morant Wright,Edm.String,2017-06-21T11:45:02.000Z,Edm.DateTime,en-GB,Edm.String,A:ClientName|B:AccountId|E:CancellationFlag|V:TransactionCode|W:QuantityOrOriginalFace|Y:Price|C:ClientReference|H:ExecutionDate|N:ISIN|AE:TradeCurrency|I:ExecutionTime|F:BrokerDescription|G:BrokerCode|AB:CommissionLocal|AC:InterestLocal|AD:FeesTradeExpenseLocal|AR:StrikePrice|K:AssetType|D:TradeStatus|L:SecurityIdentifierCusip|M:SecurityIdentifierSedol|O:SecurityDescription|U:MaturityDate|Z:NetPrincipalLocal|AA:GrossPrincipalLocal|AF:SettleCurrency|AO:Ticker|AS:ExpiryDate|AU:ArrivalDate|AV:ArrivalTime,Edm.String,dd/MM/yyyy,Edm.String,bnymellon.com,Edm.String,,Edm.String,Morant,Edm.String,csv,Edm.String,TradeBlotter,Edm.String,false,Edm.Boolean,2,Edm.Int32,true,Edm.Boolean,true,ce255455-90a9-4f41-a817-018cc350aa73,HH:mm:ss,Edm.String,Europe/London,Edm.String,2019-11-19T11:40:30.614Z,,Edm.String
cfefd335-9ebc-4e93-b301-ba15636db557,Edm.String,MacKenzie,Edm.String,2017-06-21T11:45:02.000Z,Edm.DateTime,en-GB,Edm.String,C:ClientName|D:AccountId|G:CancellationFlag|X:TransactionCode|Y:QuantityOrOriginalFace|AA:Price|E:ClientReference|J:ExecutionDate|P:ISIN|AG:TradeCurrency|K:ExecutionTime|H:BrokerDescription|I:BrokerCode|AD:CommissionLocal|AE:InterestLocal|AF:FeesTradeExpenseLocal|AT:StrikePrice|M:AssetType|F:TradeStatus|N:SecurityIdentifierCusip|O:SecurityIdentifierSedol|Q:SecurityDescription|W:MaturityDate|AB:NetPrincipalLocal|AC:GrossPrincipalLocal|AH:SettleCurrency|AQ:Ticker|AU:ExpiryDate|AV:ArrivalDate|AW:ArrivalTime,Edm.String,dd/MM/yyyy,Edm.String,linkgroup.co.uk,Edm.String,,Edm.String,Mackenzie,Edm.String,xlsx,Edm.String,TradeBlotter,Edm.String,false,Edm.Boolean,2,Edm.Int32,true,Edm.Boolean,true,cfefd335-9ebc-4e93-b301-ba15636db557,HH:mm,Edm.String,America/Toronto,Edm.String,2019-11-19T11:40:30.614Z,,Edm.String
d5723427-114f-4906-9f53-f7ebd7ce8070,Edm.String,Odey,Edm.String,2017-06-21T11:45:02.000Z,Edm.DateTime,en-GB,Edm.String,A:ClientName|B:AccountId|F:CancellationFlag|W:TransactionCode|X:QuantityOrOriginalFace|Z:Price|C:ClientReference|I:ExecutionDate|O:ISIN|AF:TradeCurrency|J:ExecutionTime|G:BrokerDescription|AC:CommissionLocal|AD:InterestLocal|AE:FeesTradeExpenseLocal|AS:StrikePrice|L:AssetType|E:TradeStatus|M:SecurityIdentifierCusip|N:SecurityIdentifierSedol|P:SecurityDescription|V:MaturityDate|AB:NetPrincipalLocal|AA:GrossPrincipalLocal|AG:SettleCurrency|AP:Ticker|AT:ExpiryDate|D:OriginalClientTradeRef|AV:ArrivalDate|AW:ArrivalTime,Edm.String,dd/MM/yyyy,Edm.String,bnymellon.com,Edm.String,,Edm.String,Odey,Edm.String,csv,Edm.String,TradeBlotter,Edm.String,false,Edm.Boolean,2,Edm.Int32,true,Edm.Boolean,true,d5723427-114f-4906-9f53-f7ebd7ce8070,HH:mm,Edm.String,Europe/London,Edm.String,2019-11-19T11:40:30.614Z,,Edm.String
d70be93d-9827-4576-9ac0-257790eb668f,Edm.String,PanAgora,Edm.String,2017-06-21T11:45:02.000Z,Edm.DateTime,en-CA,Edm.String,A:ClientName|B:AccountId|E:CancellationFlag|V:TransactionCode|W:QuantityOrOriginalFace|Y:Price|C:ClientReference|H:ExecutionDate|N:ISIN|AE:TradeCurrency|I:ExecutionTime|F:BrokerDescription|G:BrokerCode|AB:CommissionLocal|AC:InterestLocal|AD:FeesTradeExpenseLocal|AR:StrikePrice|K:AssetType|D:TradeStatus|L:SecurityIdentifierCusip|M:SecurityIdentifierSedol|O:SecurityDescription|U:MaturityDate|Z:NetPrincipalLocal|AA:GrossPrincipalLocal|AF:SettleCurrency|AO:Ticker|AS:ExpiryDate|AT:ArrivalDate|AU:ArrivalTime,Edm.String,MM/dd/yyyy,Edm.String,bnymellon.com,Edm.String,,Edm.String,PanAgora,Edm.String,csv,Edm.String,TradeBlotter,Edm.String,false,Edm.Boolean,2,Edm.Int32,true,Edm.Boolean,true,d70be93d-9827-4576-9ac0-257790eb668f,HH:mm,Edm.String,America/Toronto,Edm.String,2019-11-19T11:40:30.614Z,,Edm.String
d8498a59-06ac-455e-a64c-dee40cf44c1b,Edm.String,Rathbone,Edm.String,2017-06-21T11:45:02.000Z,Edm.DateTime,en-GB,Edm.String,A:ClientName|B:AccountId|E:CancellationFlag|V:TransactionCode|W:QuantityOrOriginalFace|Y:Price|C:ClientReference|H:ExecutionDate|N:ISIN|AE:TradeCurrency|I:ExecutionTime|F:BrokerDescription|G:BrokerCode|AB:CommissionLocal|AC:InterestLocal|AD:FeesTradeExpenseLocal|AR:StrikePrice|K:AssetType|D:TradeStatus|L:SecurityIdentifierCusip|M:SecurityIdentifierSedol|O:SecurityDescription|U:MaturityDate|Z:NetPrincipalLocal|AA:GrossPrincipalLocal|AF:SettleCurrency|AO:Ticker|AS:ExpiryDate|AT:ArrivalDate|AU:ArrivalTime,Edm.String,dd/MM/yyyy,Edm.String,rathbones.com,Edm.String,,Edm.String,,Edm.String,xlsx,Edm.String,TradeBlotter,Edm.String,false,Edm.Boolean,2,Edm.Int32,true,Edm.Boolean,true,d8498a59-06ac-455e-a64c-dee40cf44c1b,HH:mm,Edm.String,Europe/London,Edm.String,2019-11-19T11:40:30.614Z,,Edm.String
dc1b623e-9b91-44d0-bdc3-d6b1b32135a0,Edm.String,Resilient  Fund Managers,Edm.String,2017-06-21T11:45:02.000Z,Edm.DateTime,en-GB,Edm.String,C:ClientName|D:AccountId|G:CancellationFlag|X:TransactionCode|Y:QuantityOrOriginalFace|AA:Price|E:ClientReference|J:ExecutionDate|P:ISIN|AG:TradeCurrency|K:ExecutionTime|H:BrokerDescription|I:BrokerCode|AD:CommissionLocal|AE:InterestLocal|AF:FeesTradeExpenseLocal|AT:StrikePrice|M:AssetType|F:TradeStatus|N:SecurityIdentifierCusip|O:SecurityIdentifierSedol|Q:SecurityDescription|W:MaturityDate|AB:NetPrincipalLocal|AC:GrossPrincipalLocal|AH:SettleCurrency|AQ:Ticker|AU:ExpiryDate|AV:ArrivalDate|AW:ArrivalTime,Edm.String,dd/MM/yyyy,Edm.String,ghcl.co.uk,Edm.String,,Edm.String,,Edm.String,xlsx,Edm.String,TradeBlotter,Edm.String,false,Edm.Boolean,2,Edm.Int32,true,Edm.Boolean,true,dc1b623e-9b91-44d0-bdc3-d6b1b32135a0,HH:mm,Edm.String,Europe/London,Edm.String,2019-11-19T11:40:30.614Z,,Edm.String
e5fd37cc-7ff6-4b60-b8c3-edbed0308af1,Edm.String,Whitefoords,Edm.String,2017-06-21T11:45:02.000Z,Edm.DateTime,en-GB,Edm.String,C:ClientName|D:AccountId|G:CancellationFlag|X:TransactionCode|Y:QuantityOrOriginalFace|AA:Price|E:ClientReference|J:ExecutionDate|P:ISIN|AG:TradeCurrency|K:ExecutionTime|H:BrokerDescription|I:BrokerCode|AD:CommissionLocal|AE:InterestLocal|AF:FeesTradeExpenseLocal|AT:StrikePrice|M:AssetType|f:TradeStatus|N:SecurityIdentifierCusip|O:SecurityIdentifierSedol|Q:SecurityDescription|W:MaturityDate|AB:NetPrincipalLocal|AC:GrossPrincipalLocal|AH:SettleCurrency|AQ:Ticker|AU:ExpiryDate|AV:ArrivalDate|AW:ArrivalTime,Edm.String,dd/MM/yyyy,Edm.String,linkgroup.co.uk,Edm.String,,Edm.String,Whitefoord,Edm.String,xlsx,Edm.String,TradeBlotter,Edm.String,false,Edm.Boolean,2,Edm.Int32,true,Edm.Boolean,true,e5fd37cc-7ff6-4b60-b8c3-edbed0308af1,HH:mm,Edm.String,Europe/London,Edm.String,2019-11-19T11:40:30.615Z,,Edm.String
f0d290c5-1b39-4d84-82b0-450d8bd314a1,Edm.String,Rothschild,Edm.String,2017-06-21T11:45:02.000Z,Edm.DateTime,en-GB,Edm.String,C:ClientName|D:AccountId|G:CancellationFlag|X:TransactionCode|Y:QuantityOrOriginalFace|AA:Price|E:ClientReference|J:ExecutionDate|P:ISIN|AG:TradeCurrency|K:ExecutionTime|H:BrokerDescription|I:BrokerCode|AD:CommissionLocal|AE:InterestLocal|AF:FeesTradeExpenseLocal|AT:StrikePrice|M:AssetType|F:TradeStatus|N:SecurityIdentifierCusip|O:SecurityIdentifierSedol|Q:SecurityDescription|W:MaturityDate|AB:NetPrincipalLocal|AC:GrossPrincipalLocal|AH:SettleCurrency|AQ:Ticker|AU:ExpiryDate|AV:ArrivalDate|AW:ArrivalTime,Edm.String,dd/MM/yyyy,Edm.String,capita.co.uk,Edm.String,,Edm.String,Rothschild,Edm.String,xlsx,Edm.String,TradeBlotter,Edm.String,false,Edm.Boolean,2,Edm.Int32,true,Edm.Boolean,true,f0d290c5-1b39-4d84-82b0-450d8bd314a1,HH:mm,Edm.String,Europe/London,Edm.String,2019-11-19T11:40:30.615Z,,Edm.String
f2017b49-259c-40c1-8654-8a69da75c2ed,Edm.String,Ruffer,Edm.String,2017-06-21T11:45:02.000Z,Edm.DateTime,en-GB,Edm.String,A:ClientName|B:AccountId|E:CancellationFlag|V:TransactionCode|W:QuantityOrOriginalFace|Y:Price|C:ClientReference|H:ExecutionDate|N:ISIN|AE:TradeCurrency|I:ExecutionTime|F:BrokerDescription|G:BrokerCode|AB:CommissionLocal|AC:InterestLocal|AD:FeesTradeExpenseLocal|AR:StrikePrice|K:AssetType|D:TradeStatus|L:SecurityIdentifierCusip|M:SecurityIdentifierSedol|O:SecurityDescription|U:MaturityDate|Z:NetPrincipalLocal|AA:GrossPrincipalLocal|AF:SettleCurrency|AO:Ticker|AS:ExpiryDate|AU:ArrivalDate|AV:ArrivalTime,Edm.String,dd/MM/yyyy,Edm.String,bnymellon.com,Edm.String,,Edm.String,Ruffer,Edm.String,csv,Edm.String,TradeBlotter,Edm.String,false,Edm.Boolean,2,Edm.Int32,true,Edm.Boolean,true,f2017b49-259c-40c1-8654-8a69da75c2ed,HH:mm,Edm.String,Europe/London,Edm.String,2019-11-19T11:40:30.615Z,,Edm.String
f45d0c81-5e32-4e8b-b6e8-e9c479456434,Edm.String,Sarasin,Edm.String,2017-06-21T11:45:02.000Z,Edm.DateTime,en-GB,Edm.String,A:ClientName|B:AccountId|E:CancellationFlag|V:TransactionCode|W:QuantityOrOriginalFace|Y:Price|C:ClientReference|H:ExecutionDate|N:ISIN|AE:TradeCurrency|I:ExecutionTime|F:BrokerDescription|G:BrokerCode|AB:CommissionLocal|AC:InterestLocal|AD:FeesTradeExpenseLocal|AR:StrikePrice|K:AssetType|D:TradeStatus|L:SecurityIdentifierCusip|M:SecurityIdentifierSedol|O:SecurityDescription|U:MaturityDate|Z:NetPrincipalLocal|AA:GrossPrincipalLocal|AF:SettleCurrency|AO:Ticker|AS:ExpiryDate|AT:ArrivalDate|AU:ArrivalTime,Edm.String,dd/MM/yyyy,Edm.String,sarasin.co.uk,Edm.String,,Edm.String,,Edm.String,csv,Edm.String,TradeBlotter,Edm.String,false,Edm.Boolean,2,Edm.Int32,true,Edm.Boolean,true,f45d0c81-5e32-4e8b-b6e8-e9c479456434,HH:mm,Edm.String,Europe/London,Edm.String,2019-11-19T11:40:30.615Z,,Edm.String
f480ae6e-185e-43a6-8865-4e974aad14ea,Edm.String,Schroders,Edm.String,2017-06-21T11:45:02.000Z,Edm.DateTime,en-GB,Edm.String,A:ClientName|B:AccountId|E:CancellationFlag|V:TransactionCode|W:QuantityOrOriginalFace|Y:Price|C:ClientReference|H:ExecutionDate|N:ISIN|AE:TradeCurrency|I:ExecutionTime|F:BrokerDescription|G:BrokerCode|AB:CommissionLocal|AC:InterestLocal|AD:FeesTradeExpenseLocal|AR:StrikePrice|K:AssetType|AT:ArrivalDate|AU:ArrivalTime,Edm.String,dd/MM/yyyy,Edm.String,Schroders.com,Edm.String,,Edm.String,,Edm.String,xlsx,Edm.String,TradeBlotter,Edm.String,false,Edm.Boolean,2,Edm.Int32,false,Edm.Boolean,true,f480ae6e-185e-43a6-8865-4e974aad14ea,Blank,Edm.String,Europe/London,Edm.String,2019-11-19T11:40:30.615Z,,Edm.String
f942a983-ee4e-4e35-94e4-c9045ef657a3,Edm.String,Seneca,Edm.String,2017-06-21T11:45:02.000Z,Edm.DateTime,en-GB,Edm.String,A:ClientName|C:AccountId|F:CancellationFlag|V:TransactionCode|W:QuantityOrOriginalFace|Y:Price|D:ClientReference|H:ExecutionDate|N:ISIN|AE:TradeCurrency|I:ExecutionTime|G:BrokerDescription|AB:CommissionLocal|AC:InterestLocal|AD:FeesTradeExpenseLocal|AR:StrikePrice|K:AssetType|E:TradeStatus|L:SecurityIdentifierCusip|M:SecurityIdentifierSedol|O:SecurityDescription|U:MaturityDate|Z:NetPrincipalLocal|AA:GrossPrincipalLocal|AF:SettleCurrency|AO:Ticker|AS:ExpiryDate|AT:ArrivalDate|AU:ArrivalTime,Edm.String,dd/MM/yyyy,Edm.String,bnymellon.com,Edm.String,,Edm.String,Seneca,Edm.String,xlsx,Edm.String,TradeBlotter,Edm.String,false,Edm.Boolean,2,Edm.Int32,true,Edm.Boolean,true,f942a983-ee4e-4e35-94e4-c9045ef657a3,HH:mm,Edm.String,Europe/London,Edm.String,2019-11-19T11:40:30.615Z,,Edm.String
fe35a7f7-3d99-4c72-87b1-5d806e3ea2eb,Edm.String,Setanta,Edm.String,2017-06-21T11:45:02.000Z,Edm.DateTime,en-GB,Edm.String,A:ClientName|B:AccountId|E:CancellationFlag|V:TransactionCode|W:QuantityOrOriginalFace|Y:Price|C:ClientReference|H:ExecutionDate|N:ISIN|AE:TradeCurrency|I:ExecutionTime|F:BrokerDescription|G:BrokerCode|AB:CommissionLocal|AC:InterestLocal|AD:FeesTradeExpenseLocal|AR:StrikePrice|K:AssetType|D:TradeStatus|L:SecurityIdentifierCusip|M:SecurityIdentifierSedol|O:SecurityDescription|U:MaturityDate|Z:NetPrincipalLocal|AA:GrossPrincipalLocal|AF:SettleCurrency|AO:Ticker|AS:ExpiryDate|AT:ArrivalDate|AU:ArrivalTime,Edm.String,dd/MM/yyyy,Edm.String,bnymellon.com,Edm.String,,Edm.String,Setanta,Edm.String,csv,Edm.String,TradeBlotter,Edm.String,false,Edm.Boolean,2,Edm.Int32,true,Edm.Boolean,true,fe35a7f7-3d99-4c72-87b1-5d806e3ea2eb,HH:mm:ss,Edm.String,Europe/London,Edm.String,2019-11-19T11:40:30.616Z,,Edm.String
